Название товара или услуги,Полное описание,Валюта склада,НДС,Изображения,Артикул,Цена продажи,Остаток,Параметр: Артикул производителя,Параметр: Марка,Параметр: Модель,Параметр: Год,Параметр: Деталь,Параметр: Склад,Параметр: Состояние детали,Cat1,cat2,cat3
Капот Aston Martin Rapide S (2013-2018),"0000000609616. Обмен и возврат в течение 14 дней. Капот DG43-16612-AG Астон Мартин Рапид С, Aston Martin Rapide S Астон Мартин РЕСТАЙЛИНГ Астон Мартин ДБ9, Aston Martin DB9 Астон Мартин 13-16 Деталь может подойти на автомобили: 2013 2014 2015 2016 2017 2018 2019",RUR,Без НДС,https://static.insales-cdn.com/images/products/1/6653/469473789/0000000609616__1_.jpeg https://static.insales-cdn.com/images/products/1/6658/469473794/0000000609616__13_.jpeg,609616,250000,2,DG4316612AG,Aston-Martin,Rapide S (2013-2018),2013-2018,Капот,Волгоградский проспект,БУ ЗЧ,Запчасти и аксессуары,Запчасти,Для автомобилей
Фара левая Aston Martin Virage 2 (2011-2012) ксенон,"0000003758281. Обмена и возврата нет. Фара левая Aston Martin Virage 2 (2011-2012) ксенон Фара головного света левая ксеноновая Aston Martin Virage 2, Астон Мартин Вираж 2 Деталь может подойти на автомобили: 2011 2012",RUR,Без НДС,https://static.insales-cdn.com/images/products/1/2913/485722977/DSCN9947.jpg https://static.insales-cdn.com/images/products/1/2924/485722988/DSCN9948.jpg https://static.insales-cdn.com/images/products/1/2947/485723011/DSCN9949.jpg,3758281,25000,3,AD4313W030BD,Aston-Martin,Virage 2 (2011-2012),2011-2012,Фара левая,Котельники,БУ ЗЧ,Запчасти и аксессуары,Запчасти,Для автомобилей
Бампер передний Aston Martin Virage 2 (2011-2012),"0000004880325. Обмен и возврат в течение 14 дней. Бампер передний Aston Martin Virage 2 (2011-2012) Облицовка переднего бампера Aston Martin Virage 2, Астон Мартин Вираж 2 Деталь может подойти на автомобили: 2011 2012",RUR,Без НДС,https://static.insales-cdn.com/images/products/1/3931/552349531/DSCN3610.jpg https://static.insales-cdn.com/images/products/1/3939/552349539/DSCN3612.jpg https://static.insales-cdn.com/images/products/1/3946/552349546/DSCN3613.jpg,4880325,80000,4,CG4317D957AA,Aston-Martin,Virage 2 (2011-2012),2011-2012,Бампер передний,Волгоградский проспект,БУ ЗЧ,Запчасти и аксессуары,Запчасти,Для автомобилей
Юбка переднего бампера Aston Martin V12 Vantage (2009-2017),"0000001612981. Обмен и возврат в течение 14 дней. Юбка переднего бампера Aston Martin V12 Vantage (09-17) (новая) Спойлер переднего бампера Губа переднего бампера Накладка переднего бампера Пыльник переднего бампера Диффузор переднего бампера Aston Martin V12 Vantage, астон мартин в12 вантаж Деталь может подойти на автомобили: 2009 2010 2011 2012 2013 2014 2015 2016 2017",RUR,Без НДС,https://static.insales-cdn.com/images/products/1/3979/592949131/DSCN7267.JPG https://static.insales-cdn.com/images/products/1/3989/592949141/DSCN7270.JPG https://static.insales-cdn.com/images/products/1/3996/592949148/DSCN7271.JPG,1612981,87500,5,CG3317626AC,Aston-Martin,V12 Vantage (2009-2017),2009-2017,Юбка переднего бампера,Волгоградский проспект,Новый,Запчасти и аксессуары,Запчасти,Для автомобилей
Юбка заднего бампера Aston Martin DBX (2019-н.в.),"0000005203505. Обмен и возврат в течение 14 дней. Юбка заднего бампера Aston Martin DBX (2019-н.в.) Спойлер заднего бампера Губа заднего бампера Накладка заднего бампера Пыльник заднего бампера Диффузор заднего бампера Астон-Мартин ДБИКС , Aston Martin DBX Астон Мартин Деталь может подойти на автомобили: 2019 2020 2021 2022",RUR,Без НДС,https://static.insales-cdn.com/images/products/1/1419/598869387/DSCN2122.jpg https://static.insales-cdn.com/images/products/1/1429/598869397/DSCN2132.jpg,5203505,20000,6,MY8317E955AC,Aston-Martin,Dbx 1 (2019-Н.В.),2019-Н.В.,Юбка бампера заднего,Отрадное,БУ ЗЧ,Запчасти и аксессуары,Запчасти,Для автомобилей
Бампер задний правая часть Aston Martin DBX (2019-н.в.),"0000005203475. Обмен и возврат в течение 14 дней. Бампер задний правая часть Aston Martin DBX (2019-н.в.) Облицовка заднего бампера Клык правый Накладка заднего бампера правая Астон-Мартин ДБИКС , Aston Martin DBX Астон Мартин Деталь может подойти на автомобили: 2019 2020 2021 2022",RUR,Без НДС,https://static.insales-cdn.com/images/products/1/6147/599341059/DSCN1654.jpg https://static.insales-cdn.com/images/products/1/6158/599341070/DSCN1660.jpg https://static.insales-cdn.com/images/products/1/6170/599341082/DSCN1656.jpg,5203475,15000,7,MY8315A281AD,Aston-Martin,Dbx 1 (2019-Н.В.),2019-Н.В.,Бампер задний,Волгоградский проспект,БУ ЗЧ,Запчасти и аксессуары,Запчасти,Для автомобилей
Накладка заднего бампера Aston Martin DBX (2019-н.в.),"0000005203451. Обмен и возврат в течение 14 дней. Накладка заднего бампера Aston Martin DBX (2019-н.в.) Астон-Мартин ДБИКС , Aston Martin DBX Астон Мартин Деталь может подойти на автомобили: 2019 2020 2021 2022",RUR,Без НДС,https://static.insales-cdn.com/images/products/1/5088/599913440/DSCN0964.jpg https://static.insales-cdn.com/images/products/1/5100/599913452/DSCN0976.jpg https://static.insales-cdn.com/images/products/1/5113/599913465/DSCN0967.jpg,5203451,25000,8,MY8317C870AB,Aston-Martin,Dbx 1 (2019-Н.В.),2019-Н.В.,Накладка заднего бампера,Волгоградский проспект,БУ ЗЧ,Запчасти и аксессуары,Запчасти,Для автомобилей
Усилитель задний Aston Martin DBX (2019-н.в.),"0000005203499. Обмен и возврат в течение 14 дней. Усилитель задний Aston Martin DBX (2019-н.в.) Усилитель заднего бампера Астон-Мартин ДБИКС , Aston Martin DBX Астон Мартин Деталь может подойти на автомобили: 2019 2020 2021 2022",RUR,Без НДС,https://static.insales-cdn.com/images/products/1/7832/602218136/DSCN1493.jpg https://static.insales-cdn.com/images/products/1/7843/602218147/DSCN1491.jpg https://static.insales-cdn.com/images/products/1/7854/602218158/DSCN1501.jpg,5203499,40000,9,MY837210042,Aston-Martin,Dbx 1 (2019-Н.В.),2019-Н.В.,Усилитель задний,Волгоградский проспект,БУ ЗЧ,Запчасти и аксессуары,Запчасти,Для автомобилей
Глушитель Aston Martin DBX (2019-н.в.),"0000005196371. Обмен и возврат в течение 14 дней. Глушитель Aston Martin DBX (2019-н.в.) Выхлопная труба Астон-Мартин ДБИКС , Aston Martin DBX Астон Мартин Деталь может подойти на автомобили: 2019 2020 2021 2022",RUR,Без НДС,https://static.insales-cdn.com/images/products/1/3228/607956124/20221013_144730.jpg,5196371,90000,10,MY835230AB,Aston-Martin,Dbx 1 (2019-Н.В.),2019-Н.В.,Глушитель,Котельники,БУ ЗЧ,Запчасти и аксессуары,Запчасти,Для автомобилей
АКПП Aston Martin Vantage (2009-2017),"0000005758425. Обмен и возврат в течение 14 дней. АКПП Aston Martin Vantage (2009-2017) Автоматическая коробка передач Aston Martin V12 Vantage, астон мартин в12 вантаж Aston Martin Vanquish Деталь может подойти на автомобили: 2009 2010 2011 2012 2013 2014 2015 2016 2017",RUR,Без НДС,https://static.insales-cdn.com/images/products/1/3726/694038158/20230426_083030.jpg https://static.insales-cdn.com/images/products/1/3746/694038178/20230426_083224.jpg https://static.insales-cdn.com/images/products/1/3768/694038200/20230426_083155.jpg,5758425,150000,11,CD3370041AA,Aston-Martin,V12 Vantage (2009-2017),2009-2017,АКПП,Волгоградский проспект,Бу оригинал,Запчасти и аксессуары,Запчасти,Для автомобилей
Подрамник задний Aston Martin V12 Vantage (2009-2017),"0000005758340. Обмена и возврата нет. Подрамник задний Aston Martin V12 Vantage (2009-2017) БЕЗ ГАРАНТИИ ! Балка задняя Aston Martin V12 Vantage, астон мартин в12 вантаж Aston Martin Vanquish Деталь может подойти на автомобили: 2009 2010 2011 2012 2013 2014 2015 2016 2017",RUR,Без НДС,https://static.insales-cdn.com/images/products/1/3750/696602278/20230426_164612.jpg https://static.insales-cdn.com/images/products/1/3767/696602295/20230426_164734.jpg https://static.insales-cdn.com/images/products/1/3778/696602306/20230426_164620.jpg,5758340,25000,12,AD335R003AD,Aston-Martin,V12 Vantage (2009-2017),2009-2017,Подрамник задний,Отрадное,Бу оригинал,Запчасти и аксессуары,Запчасти,Для автомобилей
